{
    "fps": [
        1986.6016845703125,
        754.0695190429688,
        230.48329162597656,
        103.7579345703125,
        56.99420928955078,
        30.033374786376953,
        15.384536743164063,
        7.759767055511475,
        3.883228302001953,
        1.954734206199646
    ],
    "fps_culling": [
        2163.418701171875,
        1095.8021240234375,
        355.414306640625,
        133.3251953125,
        69.31798553466797,
        37.06671142578125,
        16.717378616333008,
        9.804622650146484,
        4.859402179718018,
        2.453291654586792,
        2.4533534049987793
    ],
    "frame_time": [
        0.5033721923828125,
        1.326137661933899,
        4.338709354400635,
        9.6378173828125,
        17.545642852783203,
        33.29629135131836,
        65.00033569335938,
        128.86984252929688,
        257.5177001953125,
        511.5784912109375
    ],
    "frame_time_culling": [
        0.4622313678264618,
        0.912573516368866,
        2.813617706298828,
        7.500457763671875,
        14.426270484924316,
        26.978384017944336,
        59.817989349365234,
        101.99270629882813,
        205.78663635253906,
        407.6156311035156,
        407.6053466796875
    ],
    "total_voxels": [
        131872,
        618064,
        2739592,
        11355328,
        22710656,
        45421312,
        90842624,
        181685248,
        363370496,
        726740992
    ]
}
